{"cameraMode":{"drawMode":0,"name":"Shaded","section":"Shading Mode"},"sceneLighting":true,"audioPlay":false,"sceneViewState":{"showFog":false,"showMaterialUpdate":false,"showSkybox":false,"showFlares":false,"showImageEffects":false,"showParticleSystems":false},"in2DMode":false,"pivot":{"x":1.4158334732055665,"y":0.29867640137672427,"z":9.472915649414063},"rotation":{"x":-0.01615459844470024,"y":0.06593892723321915,"z":0.0010675269877538086,"w":0.997694194316864},"size":10.0,"orthographic":false}